Period,Sub_Period,Sum_forecast
2016,1,2491319.0932067
2016,2,2408384.7836039
2016,3,2833157.32138731
2016,4,2679433.37162564
2016,5,3054885.87648183
2016,6,3106151.77924679
2016,7,3132699.14459842
2016,8,2776154.19545819
2016,9,2451565.9414383
2016,10,2401771.57483463
2016,11,2477301.91634762
2016,12,2452170.06939638
